Category,Mean,Std
A,11.5,1.2909944487358056
B,15.666666666666666,2.0816659994661326
C,27.666666666666668,2.516611478423583
