Age,Salary,Department
0.0,0.0,HR
0.33333333333333326,0.5,IT
0.4999999999999998,0.25,IT
0.9999999999999998,0.5,Finance
0.6666666666666667,0.75,
0.4999999999999998,1.0,HR
